timestamp,x,y,event,score,poops
1743646889.716167,380.0,275.0,keypress_up,0,0
1743646889.731126,380.0,270.0,keypress_up,0,0
1743646889.747786,380.0,265.0,keypress_up,0,0
1743646889.764829,380.0,260.0,keypress_up,0,0
1743646889.781606,380.0,255.0,keypress_up,0,0
1743646889.799238,380.0,250.0,keypress_up,0,0
1743646889.815736,380.0,245.0,keypress_up,0,0
1743646889.8164768,380.0,245.0,"collected_[0.7, 0.1, 0.8, 1.0]",1000,0
1743646889.832481,380.0,240.0,keypress_up,1000,0
1743646889.849803,380.0,235.0,keypress_up,1000,0
1743646889.867074,380.0,230.0,keypress_up,1000,0
1743646889.8841448,380.0,225.0,keypress_up,1000,0
1743646889.900884,380.0,220.0,keypress_up,1000,0
1743646889.918014,380.0,215.0,keypress_up,1000,0
1743646889.9350982,380.0,210.0,keypress_up,1000,0
1743646889.9518259,380.0,205.0,keypress_up,1000,0
1743646889.9687612,380.0,200.0,keypress_up,1000,0
1743646889.988099,380.0,195.0,keypress_up,1000,0
1743646890.002665,380.0,190.0,keypress_up,1000,0
1743646890.0202398,380.0,185.0,keypress_up,1000,0
1743646890.0380092,380.0,180.0,keypress_up,1000,0
1743646890.053705,380.0,175.0,keypress_up,1000,0
1743646890.071077,380.0,170.0,keypress_up,1000,0
1743646890.087407,380.0,165.0,keypress_up,1000,0
1743646890.103847,380.0,160.0,keypress_up,1000,0
1743646890.1212769,380.0,155.0,keypress_up,1000,0
1743646890.137856,380.0,150.0,keypress_up,1000,0
1743646890.1550121,380.0,145.0,keypress_up,1000,0
1743646890.172362,380.0,140.0,keypress_up,1000,0
1743646890.18866,380.0,135.0,keypress_up,1000,0
1743646890.2060869,380.0,130.0,keypress_up,1000,0
1743646890.22452,380.0,125.0,keypress_up,1000,0
1743646890.240302,380.0,120.0,keypress_up,1000,0
1743646890.257138,380.0,115.0,keypress_up,1000,0
1743646890.274081,380.0,110.0,keypress_up,1000,0
1743646890.291473,380.0,105.0,keypress_up,1000,0
1743646890.310292,380.0,100.0,keypress_up,1000,0
1743646890.324862,380.0,95.0,keypress_up,1000,0
1743646890.342423,380.0,90.0,keypress_up,1000,0
1743646890.359454,380.0,85.0,keypress_up,1000,0
1743646890.378156,380.0,80.0,keypress_up,1000,0
1743646890.392569,380.0,75.0,keypress_up,1000,0
1743646890.410583,380.0,70.0,keypress_up,1000,0
1743646890.428141,380.0,65.0,keypress_up,1000,0
1743646890.4450161,380.0,60.0,keypress_up,1000,0
1743646890.464512,380.0,55.0,keypress_up,1000,0
1743646890.480255,380.0,50.0,keypress_up,1000,0
1743646890.497133,380.0,45.0,keypress_up,1000,0
1743646890.514427,380.0,40.0,keypress_up,1000,0
1743646890.531005,380.0,35.0,keypress_up,1000,0
1743646890.5503628,380.0,30.0,keypress_up,1000,0
1743646890.5640142,380.0,25.0,keypress_up,1000,0
1743646890.583317,375.0,25.0,keypress_left,1000,0
1743646890.583764,375.0,20.0,keypress_up,1000,0
1743646890.598327,370.0,20.0,keypress_left,1000,0
1743646890.598725,370.0,15.0,keypress_up,1000,0
1743646890.6146612,365.0,15.0,keypress_left,1000,0
1743646890.6148689,365.0,10.0,keypress_up,1000,0
1743646890.632382,360.0,10.0,keypress_left,1000,0
1743646890.632746,360.0,5.0,keypress_up,1000,0
1743646890.6480489,355.0,5.0,keypress_left,1000,0
1743646890.648475,355.0,0.0,keypress_up,1000,0
1743646890.665076,350.0,0.0,keypress_left,1000,0
1743646890.6654348,350.0,0.0,keypress_up,1000,0
1743646890.6826859,345.0,0.0,keypress_left,1000,0
1743646890.683136,345.0,0.0,"collected_[1.0, 0.9, 0.0, 1.0]",1500,0
1743646890.698601,340.0,0.0,keypress_left,1500,0
1743646890.716091,335.0,0.0,keypress_left,1500,0
1743646890.732406,330.0,0.0,keypress_left,1500,0
1743646890.748681,325.0,0.0,keypress_left,1500,0
1743646890.765611,320.0,0.0,keypress_left,1500,0
1743646890.7833831,315.0,0.0,keypress_left,1500,0
1743646890.920587,320.0,0.0,keypress_right,1500,0
1743646890.936192,325.0,0.0,keypress_right,1500,0
1743646890.95271,330.0,0.0,keypress_right,1500,0
1743646890.969504,335.0,0.0,keypress_right,1500,0
1743646890.98591,340.0,0.0,keypress_right,1500,0
1743646891.003047,345.0,0.0,keypress_right,1500,0
1743646891.019291,350.0,0.0,keypress_right,1500,0
1743646891.036172,355.0,0.0,keypress_right,1500,0
1743646891.0524778,360.0,0.0,keypress_right,1500,0
1743646891.068855,365.0,0.0,keypress_right,1500,0
1743646891.0864298,370.0,0.0,keypress_right,1500,0
1743646891.103612,375.0,0.0,keypress_right,1500,0
1743646891.121326,380.0,0.0,keypress_right,1500,0
1743646891.137934,385.0,0.0,keypress_right,1500,0
1743646891.1554382,390.0,0.0,keypress_right,1500,0
1743646891.171983,395.0,0.0,keypress_right,1500,0
1743646891.19031,400.0,0.0,keypress_right,1500,0
1743646891.205716,405.0,0.0,keypress_right,1500,0
1743646891.222878,410.0,0.0,keypress_right,1500,0
1743646891.240747,415.0,0.0,keypress_right,1500,0
1743646891.258591,420.0,0.0,keypress_right,1500,0
1743646891.2747068,425.0,0.0,keypress_right,1500,0
1743646891.292773,430.0,0.0,keypress_right,1500,0
1743646891.309487,435.0,0.0,keypress_right,1500,0
1743646891.326468,440.0,0.0,keypress_right,1500,0
1743646891.342803,445.0,0.0,keypress_right,1500,0
1743646891.359869,450.0,0.0,keypress_right,1500,0
1743646891.376826,455.0,0.0,keypress_right,1500,0
1743646891.3940392,460.0,0.0,keypress_right,1500,0
1743646891.412704,465.0,0.0,keypress_right,1500,0
1743646891.428482,470.0,0.0,keypress_right,1500,0
1743646891.444821,475.0,0.0,keypress_right,1500,0
1743646891.462137,480.0,0.0,keypress_right,1500,0
1743646891.47887,485.0,0.0,keypress_right,1500,0
1743646891.498065,490.0,0.0,keypress_right,1500,0
1743646891.51314,495.0,0.0,keypress_right,1500,0
1743646891.5299819,500.0,0.0,keypress_right,1500,0
1743646891.546612,505.0,0.0,keypress_right,1500,0
1743646891.564258,510.0,0.0,keypress_right,1500,0
1743646891.582311,515.0,0.0,keypress_right,1500,0
1743646891.5965319,520.0,0.0,keypress_right,1500,0
1743646891.6161542,525.0,0.0,keypress_right,1500,0
1743646891.6307,530.0,0.0,keypress_right,1500,0
1743646891.648422,535.0,0.0,keypress_right,1500,0
1743646891.666404,540.0,0.0,keypress_right,1500,0
1743646891.681737,545.0,0.0,keypress_right,1500,0
1743646891.7010171,550.0,0.0,keypress_right,1500,0
1743646891.701421,550.0,5.0,keypress_down,1500,0
1743646891.716758,555.0,5.0,keypress_right,1500,0
1743646891.71713,555.0,10.0,keypress_down,1500,0
1743646891.734178,560.0,10.0,keypress_right,1500,0
1743646891.73453,560.0,15.0,keypress_down,1500,0
1743646891.750817,565.0,15.0,keypress_right,1500,0
1743646891.751124,565.0,20.0,keypress_down,1500,0
1743646891.767541,570.0,20.0,keypress_right,1500,0
1743646891.7680252,570.0,25.0,keypress_down,1500,0
1743646891.784616,575.0,25.0,keypress_right,1500,0
1743646891.7849731,575.0,30.0,keypress_down,1500,0
1743646891.785408,575.0,30.0,"collected_[0.7, 0.1, 0.8, 1.0]",2500,0
1743646891.802054,580.0,30.0,keypress_right,2500,0
1743646891.802442,580.0,35.0,keypress_down,2500,0
1743646891.818677,585.0,35.0,keypress_right,2500,0
1743646891.819361,585.0,40.0,keypress_down,2500,0
1743646891.8353548,590.0,40.0,keypress_right,2500,0
1743646891.835804,590.0,45.0,keypress_down,2500,0
1743646891.851191,595.0,45.0,keypress_right,2500,0
1743646891.851668,595.0,50.0,keypress_down,2500,0
1743646891.8680372,600.0,50.0,keypress_right,2500,0
1743646891.868418,600.0,55.0,keypress_down,2500,0
1743646891.884505,605.0,55.0,keypress_right,2500,0
1743646891.884912,605.0,60.0,keypress_down,2500,0
1743646891.902364,605.0,65.0,keypress_down,2500,0
1743646891.918807,605.0,70.0,keypress_down,2500,0
1743646891.935431,605.0,75.0,keypress_down,2500,0
1743646891.952281,605.0,80.0,keypress_down,2500,0
1743646891.969503,605.0,85.0,keypress_down,2500,0
1743646891.98507,605.0,90.0,keypress_down,2500,0
1743646892.0016,605.0,95.0,keypress_down,2500,0
1743646892.019053,605.0,100.0,keypress_down,2500,0
1743646892.035147,605.0,105.0,keypress_down,2500,0
1743646892.051758,605.0,110.0,keypress_down,2500,0
1743646892.069091,605.0,115.0,keypress_down,2500,0
1743646892.086066,605.0,120.0,keypress_down,2500,0
1743646892.103434,605.0,125.0,keypress_down,2500,0
1743646892.119104,605.0,130.0,keypress_down,2500,0
1743646892.13569,605.0,135.0,keypress_down,2500,0
1743646892.152707,605.0,140.0,keypress_down,2500,0
1743646892.169587,605.0,145.0,keypress_down,2500,0
1743646892.187285,605.0,150.0,keypress_down,2500,0
1743646892.204801,605.0,155.0,keypress_down,2500,0
1743646892.218949,605.0,160.0,keypress_down,2500,0
1743646892.235727,605.0,165.0,keypress_down,2500,0
1743646892.253542,605.0,170.0,keypress_down,2500,0
1743646892.2702029,605.0,175.0,keypress_down,2500,0
1743646892.2895,610.0,175.0,keypress_right,2500,0
1743646892.290164,610.0,180.0,keypress_down,2500,0
1743646892.3040361,615.0,180.0,keypress_right,2500,0
1743646892.30446,615.0,185.0,keypress_down,2500,0
1743646892.3206851,620.0,185.0,keypress_right,2500,0
1743646892.32127,620.0,190.0,keypress_down,2500,0
1743646892.3375099,625.0,190.0,keypress_right,2500,0
1743646892.3379,625.0,195.0,keypress_down,2500,0
1743646892.355999,630.0,195.0,keypress_right,2500,0
1743646892.371588,635.0,195.0,keypress_right,2500,0
1743646892.388618,640.0,195.0,keypress_right,2500,0
1743646892.4056342,645.0,195.0,keypress_right,2500,0
1743646892.423394,650.0,195.0,keypress_right,2500,0
1743646892.442016,655.0,195.0,keypress_right,2500,0
1743646892.457045,660.0,195.0,keypress_right,2500,0
1743646892.4741051,665.0,195.0,keypress_right,2500,0
1743646892.491161,670.0,195.0,keypress_right,2500,0
1743646892.507953,675.0,195.0,keypress_right,2500,0
1743646892.525232,680.0,195.0,keypress_right,2500,0
1743646892.5423539,685.0,195.0,keypress_right,2500,0
1743646892.558829,690.0,195.0,keypress_right,2500,0
1743646892.5761762,695.0,195.0,keypress_right,2500,0
1743646892.592695,700.0,195.0,keypress_right,2500,0
1743646892.6110961,705.0,195.0,keypress_right,2500,0
1743646892.6116621,705.0,200.0,keypress_down,2500,0
1743646892.625952,710.0,200.0,keypress_right,2500,0
1743646892.626535,710.0,205.0,keypress_down,2500,0
1743646892.643384,715.0,205.0,keypress_right,2500,0
1743646892.6439302,715.0,210.0,keypress_down,2500,0
1743646892.659689,720.0,210.0,keypress_right,2500,0
1743646892.660285,720.0,215.0,keypress_down,2500,0
1743646892.677313,725.0,215.0,keypress_right,2500,0
1743646892.677852,725.0,220.0,keypress_down,2500,0
1743646892.693846,730.0,220.0,keypress_right,2500,0
1743646892.694415,730.0,225.0,keypress_down,2500,0
1743646892.711977,735.0,225.0,keypress_right,2500,0
1743646892.7275069,740.0,225.0,keypress_right,2500,0
1743646892.7437499,745.0,225.0,keypress_right,2500,0
1743646892.7611551,750.0,225.0,keypress_right,2500,0
1743646892.77848,750.0,225.0,keypress_right,2500,0
1743646892.795647,750.0,225.0,keypress_right,2500,0
1743646892.8131819,750.0,225.0,keypress_right,2500,0
1743646892.8296828,750.0,225.0,keypress_right,2500,0
1743646892.847098,750.0,225.0,keypress_right,2500,0
1743646892.8638248,750.0,225.0,keypress_right,2500,0
1743646892.8809988,750.0,225.0,keypress_right,2500,0
1743646892.8977652,750.0,225.0,keypress_right,2500,0
1743646892.915355,750.0,225.0,keypress_right,2500,0
1743646892.931315,750.0,225.0,keypress_right,2500,0
1743646892.9606872,750.0,230.0,keypress_down,2500,0
1743646892.963399,750.0,235.0,keypress_down,2500,0
1743646892.980426,750.0,240.0,keypress_down,2500,0
1743646892.9977002,750.0,245.0,keypress_down,2500,0
1743646893.015272,750.0,250.0,keypress_down,2500,0
1743646893.03168,750.0,255.0,keypress_down,2500,0
1743646893.048823,750.0,260.0,keypress_down,2500,0
1743646893.0657332,750.0,265.0,keypress_down,2500,0
1743646893.081412,750.0,270.0,keypress_down,2500,0
1743646893.0989661,750.0,275.0,keypress_down,2500,0
1743646893.114897,750.0,280.0,keypress_down,2500,0
1743646893.1319711,750.0,285.0,keypress_down,2500,0
1743646893.14881,750.0,290.0,keypress_down,2500,0
1743646893.1659,750.0,295.0,keypress_down,2500,0
1743646893.1830342,750.0,300.0,keypress_down,2500,0
1743646893.1996129,750.0,305.0,keypress_down,2500,0
1743646893.217139,750.0,310.0,keypress_down,2500,0
1743646893.234297,750.0,315.0,keypress_down,2500,0
1743646893.2530181,750.0,320.0,keypress_down,2500,0
1743646893.267679,750.0,325.0,keypress_down,2500,0
1743646893.285064,750.0,330.0,keypress_down,2500,0
1743646893.3017159,750.0,335.0,keypress_down,2500,0
1743646893.318968,750.0,340.0,keypress_down,2500,0
1743646893.335735,750.0,345.0,keypress_down,2500,0
1743646893.3532841,750.0,350.0,keypress_down,2500,0
1743646893.370116,750.0,355.0,keypress_down,2500,0
1743646893.3865979,750.0,360.0,keypress_down,2500,0
1743646893.404284,750.0,365.0,keypress_down,2500,0
1743646893.420596,750.0,370.0,keypress_down,2500,0
1743646893.437284,750.0,375.0,keypress_down,2500,0
1743646893.4545972,750.0,380.0,keypress_down,2500,0
1743646893.4702091,750.0,385.0,keypress_down,2500,0
1743646893.486677,750.0,390.0,keypress_down,2500,0
1743646893.503485,750.0,395.0,keypress_down,2500,0
1743646893.520545,750.0,400.0,keypress_down,2500,0
1743646893.539695,750.0,405.0,keypress_down,2500,0
1743646893.5535538,750.0,410.0,keypress_down,2500,0
1743646893.571232,750.0,415.0,keypress_down,2500,0
1743646893.587378,750.0,420.0,keypress_down,2500,0
1743646893.6050339,750.0,425.0,keypress_down,2500,0
1743646893.62296,750.0,430.0,keypress_down,2500,0
1743646893.637861,750.0,435.0,keypress_down,2500,0
1743646893.6542091,750.0,440.0,keypress_down,2500,0
1743646893.6707132,750.0,445.0,keypress_down,2500,0
1743646893.688395,750.0,450.0,keypress_down,2500,0
1743646893.7063959,750.0,455.0,keypress_down,2500,0
1743646893.721397,750.0,460.0,keypress_down,2500,0
1743646893.739168,750.0,465.0,keypress_down,2500,0
1743646893.7556841,750.0,470.0,keypress_down,2500,0
1743646893.756824,750.0,470.0,"collected_[1.0, 0.9, 0.0, 1.0]",3000,0
1743646893.772578,750.0,475.0,keypress_down,3000,0
1743646893.791939,750.0,480.0,keypress_down,3000,0
1743646893.806779,750.0,485.0,keypress_down,3000,0
1743646893.823613,750.0,490.0,keypress_down,3000,0
1743646893.8406131,750.0,495.0,keypress_down,3000,0
1743646893.857544,750.0,500.0,keypress_down,3000,0
1743646893.876797,750.0,505.0,keypress_down,3000,0
1743646893.891381,750.0,510.0,keypress_down,3000,0
1743646893.907722,750.0,515.0,keypress_down,3000,0
1743646893.924748,750.0,520.0,keypress_down,3000,0
1743646893.9433951,750.0,525.0,keypress_down,3000,0
1743646893.9579892,750.0,530.0,keypress_down,3000,0
1743646894.381302,745.0,530.0,keypress_left,3000,0
1743646894.396024,740.0,530.0,keypress_left,3000,0
1743646894.412689,735.0,530.0,keypress_left,3000,0
1743646894.4288,730.0,530.0,keypress_left,3000,0
1743646894.4450061,725.0,530.0,keypress_left,3000,0
1743646894.4619808,720.0,530.0,keypress_left,3000,0
1743646894.479163,715.0,530.0,keypress_left,3000,0
1743646894.494986,710.0,530.0,keypress_left,3000,0
1743646894.511505,705.0,530.0,keypress_left,3000,0
1743646894.528437,700.0,530.0,keypress_left,3000,0
1743646894.546317,695.0,530.0,keypress_left,3000,0
1743646894.562459,690.0,530.0,keypress_left,3000,0
1743646894.579653,685.0,530.0,keypress_left,3000,0
1743646894.596991,680.0,530.0,keypress_left,3000,0
1743646894.6134982,675.0,530.0,keypress_left,3000,0
1743646894.6307478,670.0,530.0,keypress_left,3000,0
1743646894.6475992,665.0,530.0,keypress_left,3000,0
1743646894.66462,660.0,530.0,keypress_left,3000,0
1743646894.6838558,655.0,530.0,keypress_left,3000,0
1743646894.684319,655.0,525.0,keypress_up,3000,0
1743646894.699104,650.0,525.0,keypress_left,3000,0
1743646894.699573,650.0,520.0,keypress_up,3000,0
1743646894.715362,645.0,520.0,keypress_left,3000,0
1743646894.71562,645.0,515.0,keypress_up,3000,0
1743646894.732367,640.0,515.0,keypress_left,3000,0
1743646894.7325718,640.0,510.0,keypress_up,3000,0
1743646894.7496388,635.0,510.0,keypress_left,3000,0
1743646894.74988,635.0,505.0,keypress_up,3000,0
1743646894.766211,630.0,505.0,keypress_left,3000,0
1743646894.766428,630.0,500.0,keypress_up,3000,0
1743646894.783941,625.0,500.0,keypress_left,3000,0
1743646894.784141,625.0,495.0,keypress_up,3000,0
1743646894.8008802,620.0,495.0,keypress_left,3000,0
1743646894.8012621,620.0,490.0,keypress_up,3000,0
1743646894.817622,615.0,490.0,keypress_left,3000,0
1743646894.8180742,615.0,485.0,keypress_up,3000,0
1743646894.834783,610.0,485.0,keypress_left,3000,0
1743646894.835196,610.0,480.0,keypress_up,3000,0
1743646894.852318,610.0,475.0,keypress_up,3000,0
1743646894.869188,610.0,470.0,keypress_up,3000,0
1743646894.8881621,610.0,465.0,keypress_up,3000,0
1743646894.901688,610.0,460.0,keypress_up,3000,0
1743646894.917493,610.0,455.0,keypress_up,3000,0
1743646894.934956,610.0,450.0,keypress_up,3000,0
1743646894.951448,610.0,445.0,keypress_up,3000,0
1743646894.969312,610.0,440.0,keypress_up,3000,0
1743646894.986039,610.0,435.0,keypress_up,3000,0
1743646895.0026612,610.0,430.0,keypress_up,3000,0
1743646895.020268,610.0,425.0,keypress_up,3000,0
1743646895.0372522,610.0,420.0,keypress_up,3000,0
1743646895.0558238,605.0,420.0,keypress_left,3000,0
1743646895.05634,605.0,415.0,keypress_up,3000,0
1743646895.071199,600.0,415.0,keypress_left,3000,0
1743646895.071703,600.0,410.0,keypress_up,3000,0
1743646895.087879,595.0,410.0,keypress_left,3000,0
1743646895.088371,595.0,405.0,keypress_up,3000,0
1743646895.1043751,590.0,405.0,keypress_left,3000,0
1743646895.10477,590.0,400.0,keypress_up,3000,0
1743646895.1221619,585.0,400.0,keypress_left,3000,0
1743646895.12269,585.0,395.0,keypress_up,3000,0
1743646895.1388988,580.0,395.0,keypress_left,3000,0
1743646895.139458,580.0,390.0,keypress_up,3000,0
1743646895.155655,575.0,390.0,keypress_left,3000,0
1743646895.156182,575.0,385.0,keypress_up,3000,0
1743646895.172391,570.0,385.0,keypress_left,3000,0
1743646895.1739929,570.0,380.0,keypress_up,3000,0
1743646895.1903439,565.0,380.0,keypress_left,3000,0
1743646895.206456,560.0,380.0,keypress_left,3000,0
1743646895.222641,555.0,380.0,keypress_left,3000,0
1743646895.239588,550.0,380.0,keypress_left,3000,0
1743646895.256883,545.0,380.0,keypress_left,3000,0
1743646895.274218,540.0,380.0,keypress_left,3000,0
1743646895.2906399,535.0,380.0,keypress_left,3000,0
1743646895.30753,530.0,380.0,keypress_left,3000,0
1743646895.326551,525.0,380.0,keypress_left,3000,0
1743646895.326985,525.0,375.0,keypress_up,3000,0
1743646895.340868,520.0,375.0,keypress_left,3000,0
1743646895.341303,520.0,370.0,keypress_up,3000,0
1743646895.3573382,515.0,370.0,keypress_left,3000,0
1743646895.357794,515.0,365.0,keypress_up,3000,0
1743646895.37451,510.0,365.0,keypress_left,3000,0
1743646895.3749802,510.0,360.0,keypress_up,3000,0
1743646895.391638,505.0,360.0,keypress_left,3000,0
1743646895.3921049,505.0,355.0,keypress_up,3000,0
1743646895.4090781,500.0,355.0,keypress_left,3000,0
1743646895.409584,500.0,350.0,keypress_up,3000,0
1743646895.4245498,495.0,350.0,keypress_left,3000,0
1743646895.425121,495.0,345.0,keypress_up,3000,0
1743646895.442917,495.0,340.0,keypress_up,3000,0
1743646895.4589992,495.0,335.0,keypress_up,3000,0
1743646895.47561,495.0,330.0,keypress_up,3000,0
1743646895.492509,495.0,325.0,keypress_up,3000,0
1743646895.5098739,495.0,320.0,keypress_up,3000,0
1743646895.526764,495.0,315.0,keypress_up,3000,0
1743646895.544258,495.0,310.0,keypress_up,3000,0
1743646895.560781,495.0,305.0,keypress_up,3000,0
1743646895.5775218,495.0,300.0,keypress_up,3000,0
1743646895.594826,495.0,295.0,keypress_up,3000,0
1743646895.6116621,495.0,290.0,keypress_up,3000,0
1743646895.6283898,495.0,285.0,keypress_up,3000,0
1743646895.646121,495.0,280.0,keypress_up,3000,0
1743646895.662514,495.0,275.0,keypress_up,3000,0
1743646895.679738,495.0,270.0,keypress_up,3000,0
1743646895.6988108,490.0,270.0,keypress_left,3000,0
1743646895.699224,490.0,265.0,keypress_up,3000,0
1743646895.713782,485.0,265.0,keypress_left,3000,0
1743646895.713957,485.0,260.0,keypress_up,3000,0
1743646895.7307599,480.0,260.0,keypress_left,3000,0
1743646895.73112,480.0,255.0,keypress_up,3000,0
1743646895.747544,475.0,255.0,keypress_left,3000,0
1743646895.74794,475.0,250.0,keypress_up,3000,0
1743646895.765242,470.0,250.0,keypress_left,3000,0
1743646895.765717,470.0,245.0,keypress_up,3000,0
1743646895.782974,465.0,245.0,keypress_left,3000,0
1743646895.783382,465.0,240.0,keypress_up,3000,0
1743646895.7993321,460.0,240.0,keypress_left,3000,0
1743646895.799708,460.0,235.0,keypress_up,3000,0
1743646895.8166971,455.0,235.0,keypress_left,3000,0
1743646895.8170428,455.0,230.0,keypress_up,3000,0
1743646895.833311,450.0,230.0,keypress_left,3000,0
1743646895.833496,450.0,225.0,keypress_up,3000,0
1743646895.85065,445.0,225.0,keypress_left,3000,0
1743646895.850816,445.0,220.0,keypress_up,3000,0
1743646895.866218,440.0,220.0,keypress_left,3000,0
1743646895.866385,440.0,215.0,keypress_up,3000,0
1743646895.8834271,435.0,215.0,keypress_left,3000,0
1743646895.883592,435.0,210.0,keypress_up,3000,0
1743646895.90094,430.0,210.0,keypress_left,3000,0
1743646895.90121,430.0,205.0,keypress_up,3000,0
1743646895.917718,425.0,205.0,keypress_left,3000,0
1743646895.91813,425.0,200.0,keypress_up,3000,0
1743646895.935385,425.0,195.0,keypress_up,3000,0
1743646895.951985,425.0,190.0,keypress_up,3000,0
1743646895.9685,425.0,185.0,keypress_up,3000,0
1743646895.986115,425.0,180.0,keypress_up,3000,0
1743646896.002892,425.0,175.0,keypress_up,3000,0
1743646896.020013,425.0,170.0,keypress_up,3000,0
1743646896.037118,425.0,165.0,keypress_up,3000,0
1743646896.053835,425.0,160.0,keypress_up,3000,0
1743646896.070608,425.0,155.0,keypress_up,3000,0
1743646896.086922,425.0,150.0,keypress_up,3000,0
1743646896.1034691,425.0,145.0,keypress_up,3000,0
1743646896.120738,425.0,140.0,keypress_up,3000,0
1743646896.1380339,425.0,135.0,keypress_up,3000,0
1743646896.153887,425.0,130.0,keypress_up,3000,0
1743646896.171176,425.0,125.0,keypress_up,3000,0
1743646896.187501,425.0,120.0,keypress_up,3000,0
1743646896.204491,425.0,115.0,keypress_up,3000,0
1743646896.220997,425.0,110.0,keypress_up,3000,0
1743646896.237178,425.0,105.0,keypress_up,3000,0
1743646896.2540421,420.0,105.0,keypress_left,3000,0
1743646896.254359,420.0,100.0,keypress_up,3000,0
1743646896.270144,415.0,100.0,keypress_left,3000,0
1743646896.2706711,415.0,95.0,keypress_up,3000,0
1743646896.2868931,410.0,95.0,keypress_left,3000,0
1743646896.287541,410.0,90.0,keypress_up,3000,0
1743646896.3036318,405.0,90.0,keypress_left,3000,0
1743646896.304134,405.0,85.0,keypress_up,3000,0
1743646896.320739,400.0,85.0,keypress_left,3000,0
1743646896.3212302,400.0,80.0,keypress_up,3000,0
1743646896.337824,395.0,80.0,keypress_left,3000,0
1743646896.338401,395.0,75.0,keypress_up,3000,0
1743646896.354153,390.0,75.0,keypress_left,3000,0
1743646896.3547132,390.0,70.0,keypress_up,3000,0
1743646896.3712,385.0,70.0,keypress_left,3000,0
1743646896.387403,380.0,70.0,keypress_left,3000,0
1743646896.4041631,375.0,70.0,keypress_left,3000,0
1743646896.421243,370.0,70.0,keypress_left,3000,0
1743646896.4378371,365.0,70.0,keypress_left,3000,0
1743646896.454953,360.0,70.0,keypress_left,3000,0
1743646896.471512,355.0,70.0,keypress_left,3000,0
1743646896.488451,350.0,70.0,keypress_left,3000,0
1743646896.505515,345.0,70.0,keypress_left,3000,0
1743646896.644141,345.0,75.0,keypress_down,3000,0
1743646896.658978,345.0,80.0,keypress_down,3000,0
1743646896.675277,345.0,85.0,keypress_down,3000,0
1743646896.6938748,345.0,90.0,keypress_down,3000,0
1743646896.709345,345.0,95.0,keypress_down,3000,0
1743646896.725641,345.0,100.0,keypress_down,3000,0
1743646896.742635,345.0,105.0,keypress_down,3000,0
1743646896.7603168,345.0,110.0,keypress_down,3000,0
1743646896.777795,345.0,115.0,keypress_down,3000,0
1743646896.794383,345.0,120.0,keypress_down,3000,0
1743646896.811753,345.0,125.0,keypress_down,3000,0
1743646896.8292701,345.0,130.0,keypress_down,3000,0
1743646896.847062,345.0,135.0,keypress_down,3000,0
1743646896.863494,345.0,140.0,keypress_down,3000,0
1743646896.880472,345.0,145.0,keypress_down,3000,0
1743646896.8970869,345.0,150.0,keypress_down,3000,0
1743646896.9127748,345.0,155.0,keypress_down,3000,0
1743646896.929732,345.0,160.0,keypress_down,3000,0
1743646896.946809,345.0,165.0,keypress_down,3000,0
1743646896.963948,345.0,170.0,keypress_down,3000,0
1743646896.980444,345.0,175.0,keypress_down,3000,0
1743646896.997911,345.0,180.0,keypress_down,3000,0
1743646897.014015,345.0,185.0,keypress_down,3000,0
1743646897.031208,345.0,190.0,keypress_down,3000,0
1743646897.05025,350.0,190.0,keypress_right,3000,0
1743646897.050653,350.0,195.0,keypress_down,3000,0
1743646897.065991,355.0,195.0,keypress_right,3000,0
1743646897.066302,355.0,200.0,keypress_down,3000,0
1743646897.082569,360.0,200.0,keypress_right,3000,0
1743646897.082803,360.0,205.0,keypress_down,3000,0
1743646897.099416,365.0,205.0,keypress_right,3000,0
1743646897.116244,370.0,205.0,keypress_right,3000,0
1743646897.133985,375.0,205.0,keypress_right,3000,0
1743646897.151006,380.0,205.0,keypress_right,3000,0
1743646897.168107,385.0,205.0,keypress_right,3000,0
1743646897.184701,390.0,205.0,keypress_right,3000,0
1743646897.201843,395.0,205.0,keypress_right,3000,0
1743646897.2187269,400.0,205.0,keypress_right,3000,0
1743646897.2357981,405.0,205.0,keypress_right,3000,0
1743646897.2533891,410.0,205.0,keypress_right,3000,0
1743646897.269792,415.0,205.0,keypress_right,3000,0
1743646897.286721,420.0,205.0,keypress_right,3000,0
1743646897.3033211,425.0,205.0,keypress_right,3000,0
1743646897.320687,430.0,205.0,keypress_right,3000,0
1743646897.339541,435.0,205.0,keypress_right,3000,0
1743646897.354455,440.0,205.0,keypress_right,3000,0
1743646897.371027,445.0,205.0,keypress_right,3000,0
1743646897.3873851,450.0,205.0,keypress_right,3000,0
1743646897.404448,455.0,205.0,keypress_right,3000,0
1743646897.4215722,460.0,205.0,keypress_right,3000,0
1743646897.438178,465.0,205.0,keypress_right,3000,0
1743646897.454428,470.0,205.0,keypress_right,3000,0
1743646897.4721138,475.0,205.0,keypress_right,3000,0
1743646897.488346,480.0,205.0,keypress_right,3000,0
1743646897.505452,485.0,205.0,keypress_right,3000,0
1743646897.522364,490.0,205.0,keypress_right,3000,0
1743646897.54022,495.0,205.0,keypress_right,3000,0
1743646897.559403,500.0,205.0,keypress_right,3000,0
1743646897.5735521,505.0,205.0,keypress_right,3000,0
1743646897.592387,510.0,205.0,keypress_right,3000,0
1743646897.592937,510.0,200.0,keypress_up,3000,0
1743646897.607381,515.0,200.0,keypress_right,3000,0
1743646897.607897,515.0,195.0,keypress_up,3000,0
1743646897.62512,520.0,195.0,keypress_right,3000,0
1743646897.625664,520.0,190.0,keypress_up,3000,0
1743646897.641443,525.0,190.0,keypress_right,3000,0
1743646897.642003,525.0,185.0,keypress_up,3000,0
1743646897.657974,530.0,185.0,keypress_right,3000,0
1743646897.658574,530.0,180.0,keypress_up,3000,0
1743646897.6744902,535.0,180.0,keypress_right,3000,0
1743646897.675123,535.0,175.0,keypress_up,3000,0
1743646897.691909,540.0,175.0,keypress_right,3000,0
1743646897.6924632,540.0,170.0,keypress_up,3000,0
1743646897.708271,545.0,170.0,keypress_right,3000,0
1743646897.7088661,545.0,165.0,keypress_up,3000,0
1743646897.724622,550.0,165.0,keypress_right,3000,0
1743646897.725255,550.0,160.0,keypress_up,3000,0
1743646897.741271,555.0,160.0,keypress_right,3000,0
1743646897.741801,555.0,155.0,keypress_up,3000,0
1743646897.75924,560.0,155.0,keypress_right,3000,0
1743646897.775622,565.0,155.0,keypress_right,3000,0
1743646897.792406,570.0,155.0,keypress_right,3000,0
1743646897.809165,575.0,155.0,keypress_right,3000,0
1743646897.825858,580.0,155.0,keypress_right,3000,0
1743646897.842389,585.0,155.0,keypress_right,3000,0
1743646897.8600252,590.0,155.0,keypress_right,3000,0
1743646897.8769011,595.0,155.0,keypress_right,3000,0
1743646897.892992,600.0,155.0,keypress_right,3000,0
1743646897.909516,605.0,155.0,keypress_right,3000,0
1743646897.927205,610.0,155.0,keypress_right,3000,0
1743646897.9439769,615.0,155.0,keypress_right,3000,0
1743646897.960651,620.0,155.0,keypress_right,3000,0
1743646897.977642,625.0,155.0,keypress_right,3000,0
1743646897.994269,630.0,155.0,keypress_right,3000,0
1743646898.0114272,635.0,155.0,keypress_right,3000,0
1743646898.028513,640.0,155.0,keypress_right,3000,0
1743646898.0455701,645.0,155.0,keypress_right,3000,0
1743646898.062409,650.0,155.0,keypress_right,3000,0
1743646898.07919,655.0,155.0,keypress_right,3000,0
1743646898.09552,660.0,155.0,keypress_right,3000,0
1743646898.1124659,665.0,155.0,keypress_right,3000,0
1743646898.1299899,670.0,155.0,keypress_right,3000,0
1743646898.149219,675.0,155.0,keypress_right,3000,0
1743646898.1636019,680.0,155.0,keypress_right,3000,0
1743646898.181536,685.0,155.0,keypress_right,3000,0
1743646898.181825,685.0,160.0,keypress_down,3000,0
1743646898.197505,690.0,160.0,keypress_right,3000,0
1743646898.19791,690.0,165.0,keypress_down,3000,0
1743646898.214389,695.0,165.0,keypress_right,3000,0
1743646898.214839,695.0,170.0,keypress_down,3000,0
1743646898.2320871,695.0,175.0,keypress_down,3000,0
1743646898.2480261,695.0,180.0,keypress_down,3000,0
1743646898.265634,695.0,185.0,keypress_down,3000,0
1743646898.282243,695.0,190.0,keypress_down,3000,0
1743646898.2992089,695.0,195.0,keypress_down,3000,0
1743646898.3164532,695.0,200.0,keypress_down,3000,0
1743646898.3326662,695.0,205.0,keypress_down,3000,0
1743646898.349171,695.0,210.0,keypress_down,3000,0
1743646898.36621,695.0,215.0,keypress_down,3000,0
1743646898.383268,695.0,220.0,keypress_down,3000,0
1743646898.4005172,695.0,225.0,keypress_down,3000,0
1743646898.417741,695.0,230.0,keypress_down,3000,0
1743646898.434603,695.0,235.0,keypress_down,3000,0
1743646898.4515688,695.0,240.0,keypress_down,3000,0
1743646898.468429,695.0,245.0,keypress_down,3000,0
1743646898.484274,695.0,250.0,keypress_down,3000,0
1743646898.5020669,695.0,255.0,keypress_down,3000,0
1743646898.518521,695.0,260.0,keypress_down,3000,0
1743646898.535317,695.0,265.0,keypress_down,3000,0
1743646898.5522199,695.0,270.0,keypress_down,3000,0
1743646898.570328,695.0,275.0,keypress_down,3000,0
1743646898.586856,695.0,280.0,keypress_down,3000,0
1743646898.60416,695.0,285.0,keypress_down,3000,0
1743646898.621912,690.0,285.0,keypress_left,3000,0
1743646898.62241,690.0,290.0,keypress_down,3000,0
1743646898.636589,685.0,290.0,keypress_left,3000,0
1743646898.637105,685.0,295.0,keypress_down,3000,0
1743646898.653536,680.0,295.0,keypress_left,3000,0
1743646898.654009,680.0,300.0,keypress_down,3000,0
1743646898.670629,675.0,300.0,keypress_left,3000,0
1743646898.6710851,675.0,305.0,keypress_down,3000,0
1743646898.688055,670.0,305.0,keypress_left,3000,0
1743646898.688493,670.0,310.0,keypress_down,3000,0
1743646898.704268,665.0,310.0,keypress_left,3000,0
1743646898.704787,665.0,315.0,keypress_down,3000,0
1743646898.721878,660.0,315.0,keypress_left,3000,0
1743646898.722514,660.0,320.0,keypress_down,3000,0
1743646898.73837,655.0,320.0,keypress_left,3000,0
1743646898.738844,655.0,325.0,keypress_down,3000,0
1743646898.754702,650.0,325.0,keypress_left,3000,0
1743646898.755279,650.0,330.0,keypress_down,3000,0
1743646898.771411,645.0,330.0,keypress_left,3000,0
1743646898.771968,645.0,335.0,keypress_down,3000,0
1743646898.789064,640.0,335.0,keypress_left,3000,0
1743646898.789595,640.0,340.0,keypress_down,3000,0
1743646898.8053608,635.0,340.0,keypress_left,3000,0
1743646898.805887,635.0,345.0,keypress_down,3000,0
1743646898.822261,630.0,345.0,keypress_left,3000,0
1743646898.822792,630.0,350.0,keypress_down,3000,0
1743646898.841027,625.0,350.0,keypress_left,3000,0
1743646898.856509,620.0,350.0,keypress_left,3000,0
1743646898.8726678,615.0,350.0,keypress_left,3000,0
1743646898.889527,610.0,350.0,keypress_left,3000,0
1743646898.906194,605.0,350.0,keypress_left,3000,0
1743646898.9241312,600.0,350.0,keypress_left,3000,0
1743646898.9414122,595.0,350.0,keypress_left,3000,0
1743646899.113893,590.0,350.0,keypress_left,3000,0
1743646899.129091,585.0,350.0,keypress_left,3000,0
1743646899.146881,580.0,350.0,keypress_left,3000,0
1743646899.164098,575.0,350.0,keypress_left,3000,0
1743646899.180453,570.0,350.0,keypress_left,3000,0
1743646899.199519,565.0,350.0,keypress_left,3000,0
1743646899.214678,560.0,350.0,keypress_left,3000,0
1743646899.2319539,555.0,350.0,keypress_left,3000,0
1743646899.248696,550.0,350.0,keypress_left,3000,0
1743646899.264371,545.0,350.0,keypress_left,3000,0
1743646899.283485,540.0,350.0,keypress_left,3000,0
1743646899.298594,535.0,350.0,keypress_left,3000,0
1743646899.315488,530.0,350.0,keypress_left,3000,0
1743646899.332217,525.0,350.0,keypress_left,3000,0
1743646899.3499808,520.0,350.0,keypress_left,3000,0
1743646899.3682811,515.0,350.0,keypress_left,3000,0
1743646899.384673,510.0,350.0,keypress_left,3000,0
1743646899.401815,505.0,350.0,keypress_left,3000,0
1743646899.4177122,500.0,350.0,keypress_left,3000,0
1743646899.434092,495.0,350.0,keypress_left,3000,0
1743646899.453013,490.0,350.0,keypress_left,3000,0
1743646899.467958,485.0,350.0,keypress_left,3000,0
1743646899.484531,480.0,350.0,keypress_left,3000,0
1743646899.5012312,475.0,350.0,keypress_left,3000,0
1743646899.519016,470.0,350.0,keypress_left,3000,0
1743646899.536729,465.0,350.0,keypress_left,3000,0
1743646899.552417,460.0,350.0,keypress_left,3000,0
1743646899.569792,455.0,350.0,keypress_left,3000,0
1743646899.586396,450.0,350.0,keypress_left,3000,0
1743646899.6032052,445.0,350.0,keypress_left,3000,0
1743646899.621303,440.0,350.0,keypress_left,3000,0
1743646899.636928,435.0,350.0,keypress_left,3000,0
1743646899.6529531,430.0,350.0,keypress_left,3000,0
1743646899.669734,425.0,350.0,keypress_left,3000,0
1743646899.686413,420.0,350.0,keypress_left,3000,0
1743646899.704463,415.0,350.0,keypress_left,3000,0
1743646899.720481,410.0,350.0,keypress_left,3000,0
1743646899.7371142,405.0,350.0,keypress_left,3000,0
1743646899.754984,400.0,350.0,keypress_left,3000,0
1743646899.7885141,395.0,350.0,keypress_left,3000,0
1743646899.80351,390.0,350.0,keypress_left,3000,0
1743646899.8193789,385.0,350.0,keypress_left,3000,0
1743646899.836194,380.0,350.0,keypress_left,3000,0
1743646899.853538,375.0,350.0,keypress_left,3000,0
1743646899.873151,370.0,350.0,keypress_left,3000,0
1743646899.887339,365.0,350.0,keypress_left,3000,0
1743646899.904421,360.0,350.0,keypress_left,3000,0
1743646899.921856,355.0,350.0,keypress_left,3000,0
1743646899.938146,350.0,350.0,keypress_left,3000,0
1743646899.95661,345.0,350.0,keypress_left,3000,0
1743646899.97209,340.0,350.0,keypress_left,3000,0
1743646899.989523,335.0,350.0,keypress_left,3000,0
1743646900.007743,330.0,350.0,keypress_left,3000,0
1743646900.0082078,330.0,355.0,keypress_down,3000,0
1743646900.023089,325.0,355.0,keypress_left,3000,0
1743646900.02352,325.0,360.0,keypress_down,3000,0
1743646900.041034,320.0,360.0,keypress_left,3000,0
1743646900.041489,320.0,365.0,keypress_down,3000,0
1743646900.057248,315.0,365.0,keypress_left,3000,0
1743646900.0577111,315.0,370.0,keypress_down,3000,0
1743646900.075215,315.0,375.0,keypress_down,3000,0
1743646900.076137,315.0,375.0,"collected_[1.0, 0.3, 0.2, 1.0]",3100,0
1743646900.0915682,315.0,380.0,keypress_down,3100,0
1743646900.108759,315.0,385.0,keypress_down,3100,0
1743646900.1253939,315.0,390.0,keypress_down,3100,0
1743646900.142215,315.0,395.0,keypress_down,3100,0
1743646900.158988,315.0,400.0,keypress_down,3100,0
1743646900.1744561,315.0,405.0,keypress_down,3100,0
1743646900.1916502,315.0,410.0,keypress_down,3100,0
1743646900.208412,315.0,415.0,keypress_down,3100,0
1743646900.226124,315.0,420.0,keypress_down,3100,0
1743646900.2448452,320.0,420.0,keypress_right,3100,0
1743646900.245404,320.0,425.0,keypress_down,3100,0
1743646900.260833,325.0,425.0,keypress_right,3100,0
1743646900.261199,325.0,430.0,keypress_down,3100,0
1743646900.278572,330.0,430.0,keypress_right,3100,0
1743646900.29473,335.0,430.0,keypress_right,3100,0
1743646900.311808,340.0,430.0,keypress_right,3100,0
1743646900.3281531,345.0,430.0,keypress_right,3100,0
1743646900.345628,350.0,430.0,keypress_right,3100,0
1743646900.362224,355.0,430.0,keypress_right,3100,0
1743646900.379945,360.0,430.0,keypress_right,3100,0
1743646900.396618,365.0,430.0,keypress_right,3100,0
1743646900.4132428,370.0,430.0,keypress_right,3100,0
1743646900.430162,375.0,430.0,keypress_right,3100,0
1743646900.44755,380.0,430.0,keypress_right,3100,0
1743646900.464542,385.0,430.0,keypress_right,3100,0
1743646900.481353,390.0,430.0,keypress_right,3100,0
1743646900.498361,395.0,430.0,keypress_right,3100,0
1743646900.515092,400.0,430.0,keypress_right,3100,0
1743646900.532468,405.0,430.0,keypress_right,3100,0
1743646900.549797,410.0,430.0,keypress_right,3100,0
1743646900.5675478,415.0,430.0,keypress_right,3100,0
1743646900.5842319,420.0,430.0,keypress_right,3100,0
1743646900.602317,425.0,430.0,keypress_right,3100,0
1743646900.6196191,430.0,430.0,keypress_right,3100,0
1743646900.63646,435.0,430.0,keypress_right,3100,0
1743646900.652425,440.0,430.0,keypress_right,3100,0
1743646900.669865,445.0,430.0,keypress_right,3100,0
1743646900.688095,450.0,430.0,keypress_right,3100,0
1743646900.6885388,450.0,425.0,keypress_up,3100,0
1743646900.7034829,455.0,425.0,keypress_right,3100,0
1743646900.703916,455.0,420.0,keypress_up,3100,0
1743646900.720483,460.0,420.0,keypress_right,3100,0
1743646900.72089,460.0,415.0,keypress_up,3100,0
1743646900.7372239,465.0,415.0,keypress_right,3100,0
1743646900.7377431,465.0,410.0,keypress_up,3100,0
1743646900.75486,470.0,410.0,keypress_right,3100,0
1743646900.75535,470.0,405.0,keypress_up,3100,0
1743646900.771609,475.0,405.0,keypress_right,3100,0
1743646900.772,475.0,400.0,keypress_up,3100,0
1743646900.78793,480.0,400.0,keypress_right,3100,0
1743646900.7884731,480.0,395.0,keypress_up,3100,0
1743646900.804713,485.0,395.0,keypress_right,3100,0
1743646900.8051898,485.0,390.0,keypress_up,3100,0
1743646900.821274,490.0,390.0,keypress_right,3100,0
1743646900.8217778,490.0,385.0,keypress_up,3100,0
1743646900.8395782,490.0,380.0,keypress_up,3100,0
1743646900.8550951,490.0,375.0,keypress_up,3100,0
1743646900.872946,490.0,370.0,keypress_up,3100,0
1743646900.889456,490.0,365.0,keypress_up,3100,0
1743646900.906131,490.0,360.0,keypress_up,3100,0
1743646900.922582,490.0,355.0,keypress_up,3100,0
1743646900.94002,490.0,350.0,keypress_up,3100,0
1743646900.957696,490.0,345.0,keypress_up,3100,0
1743646900.974464,490.0,340.0,keypress_up,3100,0
1743646900.9915679,490.0,335.0,keypress_up,3100,0
1743646901.008875,490.0,330.0,keypress_up,3100,0
1743646901.025415,490.0,325.0,keypress_up,3100,0
1743646901.0423539,490.0,320.0,keypress_up,3100,0
1743646901.059766,490.0,315.0,keypress_up,3100,0
1743646901.0754712,490.0,310.0,keypress_up,3100,0
1743646901.0923362,490.0,305.0,keypress_up,3100,0
1743646901.109531,490.0,300.0,keypress_up,3100,0
1743646901.127008,490.0,295.0,keypress_up,3100,0
1743646901.1437562,490.0,290.0,keypress_up,3100,0
1743646901.160744,490.0,285.0,keypress_up,3100,0
1743646901.177387,490.0,280.0,keypress_up,3100,0
1743646901.1963708,490.0,275.0,keypress_up,3100,0
1743646901.2121909,490.0,270.0,keypress_up,3100,0
1743646901.228162,490.0,265.0,keypress_up,3100,0
1743646901.24443,490.0,260.0,keypress_up,3100,0
1743646901.26123,490.0,255.0,keypress_up,3100,0
1743646901.280371,490.0,250.0,keypress_up,3100,0
1743646901.295083,490.0,245.0,keypress_up,3100,0
1743646901.312798,490.0,240.0,keypress_up,3100,0
1743646901.329818,490.0,235.0,keypress_up,3100,0
1743646901.346404,490.0,230.0,keypress_up,3100,0
1743646901.364925,485.0,230.0,keypress_left,3100,0
1743646901.3655198,485.0,225.0,keypress_up,3100,0
1743646901.379416,480.0,225.0,keypress_left,3100,0
1743646901.379829,480.0,220.0,keypress_up,3100,0
1743646901.3963578,475.0,220.0,keypress_left,3100,0
1743646901.3966668,475.0,215.0,keypress_up,3100,0
1743646901.4140952,475.0,210.0,keypress_up,3100,0
1743646901.429706,475.0,205.0,keypress_up,3100,0
1743646901.446831,475.0,200.0,keypress_up,3100,0
1743646901.462622,475.0,195.0,keypress_up,3100,0
1743646901.479587,475.0,190.0,keypress_up,3100,0
1743646901.873444,470.0,190.0,keypress_left,3100,0
1743646901.888223,465.0,190.0,keypress_left,3100,0
1743646901.90565,460.0,190.0,keypress_left,3100,0
1743646901.922595,455.0,190.0,keypress_left,3100,0
1743646901.941296,450.0,190.0,keypress_left,3100,0
1743646901.956203,445.0,190.0,keypress_left,3100,0
1743646901.973514,440.0,190.0,keypress_left,3100,0
1743646901.990626,435.0,190.0,keypress_left,3100,0
1743646902.007864,430.0,190.0,keypress_left,3100,0
1743646902.026998,425.0,190.0,keypress_left,3100,0
1743646902.041146,420.0,190.0,keypress_left,3100,0
1743646902.0578,415.0,190.0,keypress_left,3100,0
1743646902.074112,410.0,190.0,keypress_left,3100,0
1743646902.0909781,405.0,190.0,keypress_left,3100,0
